[{
  "$schema": "https://zenodo.org/schemas/records/objecttype-v1.0.0.json",
  "internal_id": "publication",
  "id": "http://zenodo.org/objecttypes/publication#",
  "title": {
    "en": "Publication"
  },
  "title_plural": {
    "en": "Publications"
  },
  "schema.org": "http://schema.org/ScholarlyArticle",
  "datacite": {"general": "Text"},
  "eurepo": "info:eu-repo/semantics/other",
  "children": [
    {"$ref": "http://zenodo.org/objecttypes/publication/book"},
    {"$ref": "http://zenodo.org/objecttypes/publication/section"},
    {"$ref": "http://zenodo.org/objecttypes/publication/conferencepaper"},
    {"$ref": "http://zenodo.org/objecttypes/publication/article"},
    {"$ref": "http://zenodo.org/objecttypes/publication/patent"},
    {"$ref": "http://zenodo.org/objecttypes/publication/preprint"},
    {"$ref": "http://zenodo.org/objecttypes/publication/report"},
    {"$ref": "http://zenodo.org/objecttypes/publication/softwaredocumentation"},
    {"$ref": "http://zenodo.org/objecttypes/publication/thesis"},
    {"$ref": "http://zenodo.org/objecttypes/publication/technicalnote"},
    {"$ref": "http://zenodo.org/objecttypes/publication/workingpaper"},
    {"$ref": "http://zenodo.org/objecttypes/publication/other"}
  ],
  "csl": "article"
},
{
  "$schema": "https://zenodo.org/schemas/records/objecttype-v1.0.0.json",
  "internal_id": "poster",
  "id": "http://zenodo.org/objecttypes/poster#",
  "title": {
    "en": "Poster"
  },
  "title_plural": {
    "en": "Posters"
  },
  "datacite": {"general": "Text", "type": "Poster"},
  "eurepo": "info:eu-repo/semantics/conferencePoster",
  "schema.org": "http://schema.org/CreativeWork",
  "csl": "graphic"
},
{
  "$schema": "https://zenodo.org/schemas/records/objecttype-v1.0.0.json",
  "internal_id": "presentation",
  "id": "http://zenodo.org/objecttypes/presentation#",
  "title": {
    "en": "Presentation"
  },
  "title_plural": {
    "en": "Presentations"
  },
  "datacite": {"general": "Text", "type": "Presentation"},
  "eurepo": "info:eu-repo/semantics/lecture",
  "schema.org": "http://schema.org/CreativeWork",
  "csl": "speech"
},
{
  "$schema": "https://zenodo.org/schemas/records/objecttype-v1.0.0.json",
  "internal_id": "dataset",
  "id": "http://zenodo.org/objecttypes/dataset#",
  "title": {
    "en": "Dataset"
  },
  "title_plural": {
    "en": "Datasets"
  },
  "datacite": {"general": "Dataset"},
  "eurepo": "info:eu-repo/semantics/other",
  "schema.org": "http://schema.org/Dataset",
  "csl": "dataset"
},
{
  "$schema": "https://zenodo.org/schemas/records/objecttype-v1.0.0.json",
  "internal_id": "image",
  "id": "http://zenodo.org/objecttypes/image#",
  "title": {
    "en": "Image"
  },
  "title_plural": {
    "en": "Images"
  },
  "schema.org": "http://schema.org/ImageObject",
  "datacite": {"general": "Image"},
  "eurepo": "info:eu-repo/semantics/other",
  "children": [
    {"$ref": "http://zenodo.org/objecttypes/image/figure"},
    {"$ref": "http://zenodo.org/objecttypes/image/plot"},
    {"$ref": "http://zenodo.org/objecttypes/image/drawing"},
    {"$ref": "http://zenodo.org/objecttypes/image/diagram"},
    {"$ref": "http://zenodo.org/objecttypes/image/photo"},
    {"$ref": "http://zenodo.org/objecttypes/image/other"}
  ],
  "csl": "graphic"
},
{
  "$schema": "https://zenodo.org/schemas/records/objecttype-v1.0.0.json",
  "internal_id": "video",
  "id": "http://zenodo.org/objecttypes/video",
  "title": {
    "en": "Video/Audio"
  },
  "title_plural": {
    "en": "Videos/Audio"
  },
  "datacite": {"general": "Audiovisual"},
  "eurepo": "info:eu-repo/semantics/other",
  "schema.org": "http://schema.org/VideoObject",
  "csl": "motion_picture"
},
{
  "$schema": "https://zenodo.org/schemas/records/objecttype-v1.0.0.json",
  "internal_id": "software",
  "id": "http://zenodo.org/objecttypes/software#",
  "title": {
    "en": "Software"
  },
  "title_plural": {
    "en": "Software"
  },
  "datacite": {"general": "Software"},
  "eurepo": "info:eu-repo/semantics/other",
  "schema.org": "http://schema.org/Code",
  "csl": "article"
},
{
  "$schema": "https://zenodo.org/schemas/records/objecttype-v1.0.0.json",
  "internal_id": "lesson",
  "id": "http://zenodo.org/objecttypes/lesson#",
  "title": {
    "en": "Lesson"
  },
  "title_plural": {
    "en": "Lessons"
  },
  "datacite": {"general": "InteractiveResource"},
  "eurepo": "info:eu-repo/semantics/lecture",
  "schema.org": "http://schema.org/CreativeWork",
  "csl": "speech"
},
{
  "$schema": "https://zenodo.org/schemas/records/objecttype-v1.0.0.json",
  "internal_id": "publication-book",
  "id": "http://zenodo.org/objecttypes/publication/book#",
  "title": {
    "en": "Book"
  },
  "title_plural": {
    "en": "Books"
  },
  "schema.org": "http://schema.org/Book",
  "datacite": {"general": "Text", "type": "Book"},
  "eurepo": "info:eu-repo/semantics/book",
  "parent": {"$ref": "http://zenodo.org/objecttypes/publication"},
  "csl": "book"
},
{
  "$schema": "https://zenodo.org/schemas/records/objecttype-v1.0.0.json",
  "internal_id": "publication-section",
  "id": "http://zenodo.org/objecttypes/publication/section#",
  "title": {
    "en": "Book section"
  },
  "title_plural": {
    "en": "Book sections"
  },
  "schema.org": "http://schema.org/ScholarlyArticle",
  "datacite": {"general": "Text", "type": "Book section"},
  "eurepo": "info:eu-repo/semantics/bookPart",
  "parent": {"$ref": "http://zenodo.org/objecttypes/publication"},
  "csl": "chapter"
},
{
  "$schema": "https://zenodo.org/schemas/records/objecttype-v1.0.0.json",
  "internal_id": "publication-conferencepaper",
  "id": "http://zenodo.org/objecttypes/publication/conferencepaper#",
  "title": {
    "en": "Conference paper"
  },
  "title_plural": {
    "en": "Conference papers"
  },
  "schema.org": "http://schema.org/ScholarlyArticle",
  "datacite": {"general": "Text", "type": "Conference paper"},
  "eurepo": "info:eu-repo/semantics/conferencePaper",
  "parent": {"$ref": "http://zenodo.org/objecttypes/publication"},
  "csl": "paper-conference"
},
{
  "$schema": "https://zenodo.org/schemas/records/objecttype-v1.0.0.json",
  "internal_id": "publication-article",
  "id": "http://zenodo.org/objecttypes/publication/article#",
  "title": {
    "en": "Journal article"
  },
  "title_plural": {
    "en": "Journal articles"
  },
  "schema.org": "http://schema.org/ScholarlyArticle",
  "datacite": {"general": "Text", "type": "Journal article"},
  "eurepo": "info:eu-repo/semantics/article",
  "parent": {"$ref": "http://zenodo.org/objecttypes/publication"},
  "csl": "article-journal"
},
{
  "$schema": "https://zenodo.org/schemas/records/objecttype-v1.0.0.json",
  "internal_id": "publication-patent",
  "id": "http://zenodo.org/objecttypes/publication/patent#",
  "title": {
    "en": "Patent"
  },
  "title_plural": {
    "en": "Patents"
  },
  "datacite": {"general": "Text", "type": "Patent"},
  "eurepo": "info:eu-repo/semantics/patent",
  "schema.org": "http://schema.org/CreativeWork",
  "parent": {"$ref": "http://zenodo.org/objecttypes/publication"},
  "csl": "patent"
},
{
  "$schema": "https://zenodo.org/schemas/records/objecttype-v1.0.0.json",
  "internal_id": "publication-preprint",
  "id": "http://zenodo.org/objecttypes/publication/preprint#",
  "title": {
    "en": "Preprint"
  },
  "title_plural": {
    "en": "Preprints"
  },
  "schema.org": "http://schema.org/ScholarlyArticle",
  "datacite": {"general": "Text", "type": "Preprint"},
  "eurepo": "info:eu-repo/semantics/preprint",
  "parent": {"$ref": "http://zenodo.org/objecttypes/publication"},
  "csl": "article"
},
{
  "$schema": "https://zenodo.org/schemas/records/objecttype-v1.0.0.json",
  "internal_id": "publication-report",
  "id": "http://zenodo.org/objecttypes/publication/report#",
  "title": {
    "en": "Report"
  },
  "title_plural": {
    "en": "Reports"
  },
  "schema.org": "http://schema.org/ScholarlyArticle",
  "datacite": {"general": "Text", "type": "Report"},
  "eurepo": "info:eu-repo/semantics/report",
  "parent": {"$ref": "http://zenodo.org/objecttypes/publication"},
  "csl": "article"
},
{
  "$schema": "https://zenodo.org/schemas/records/objecttype-v1.0.0.json",
  "internal_id": "publication-softwaredocumentation",
  "id": "http://zenodo.org/objecttypes/publication/softwaredocumentation#",
  "title": {
    "en": "Software documentation"
  },
  "title_plural": {
    "en": "Software documentation"
  },
  "schema.org": "http://schema.org/CreativeWork",
  "datacite": {"general": "Text", "type": "Software documentation"},
  "eurepo": "info:eu-repo/semantics/technicalDocumentation",
  "parent": {"$ref": "http://zenodo.org/objecttypes/publication"},
  "csl": "article"
},
{
  "$schema": "https://zenodo.org/schemas/records/objecttype-v1.0.0.json",
  "internal_id": "publication-thesis",
  "id": "http://zenodo.org/objecttypes/publication/thesis#",
  "title": {
    "en": "Thesis"
  },
  "title_plural": {
    "en": "Theses"
  },
  "schema.org": "http://schema.org/ScholarlyArticle",
  "datacite": {"general": "Text", "type": "Thesis"},
  "eurepo": "info:eu-repo/semantics/doctoralThesis",
  "parent": {"$ref": "http://zenodo.org/objecttypes/publication"},
  "csl": "thesis"
},
{
  "$schema": "https://zenodo.org/schemas/records/objecttype-v1.0.0.json",
  "internal_id": "publication-technicalnote",
  "id": "http://zenodo.org/objecttypes/publication/technicalnote#",
  "title": {
    "en": "Technical note"
  },
  "title_plural": {
    "en": "Technical notes"
  },
  "schema.org": "http://schema.org/ScholarlyArticle",
  "datacite": {"general": "Text", "type": "Technical note"},
  "eurepo": "info:eu-repo/semantics/technicalDocumentation",
  "parent": {"$ref": "http://zenodo.org/objecttypes/publication"},
  "csl": "article"
},
{
  "$schema": "https://zenodo.org/schemas/records/objecttype-v1.0.0.json",
  "internal_id": "publication-workingpaper",
  "id": "http://zenodo.org/objecttypes/publication/workingpaper#",
  "title": {
    "en": "Working paper"
  },
  "title_plural": {
    "en": "Working papers"
  },
  "schema.org": "http://schema.org/ScholarlyArticle",
  "datacite": {"general": "Text", "type": "Working paper"},
  "eurepo": "info:eu-repo/semantics/workingPaper",
  "parent": {"$ref": "http://zenodo.org/objecttypes/publication"},
  "csl": "article"
},
{
  "$schema": "https://zenodo.org/schemas/records/objecttype-v1.0.0.json",
  "internal_id": "publication-proposal",
  "id": "http://zenodo.org/objecttypes/publication/proposal#",
  "title": {
    "en": "Proposal"
  },
  "title_plural": {
    "en": "Proposals"
  },
  "schema.org": "http://schema.org/CreativeWork",
  "datacite": {"general": "Text", "type": "Proposal"},
  "eurepo": "info:eu-repo/semantics/researchProposal",
  "parent": {"$ref": "http://zenodo.org/objecttypes/publication"},
  "csl": "article"
},
{
  "$schema": "https://zenodo.org/schemas/records/objecttype-v1.0.0.json",
  "internal_id": "publication-deliverable",
  "id": "http://zenodo.org/objecttypes/publication/deliverable#",
  "title": {
    "en": "Project deliverable"
  },
  "title_plural": {
    "en": "Project deliverable"
  },
  "schema.org": "http://schema.org/CreativeWork",
  "datacite": {"general": "Text", "type": "Project deliverable"},
  "eurepo": "info:eu-repo/semantics/report",
  "parent": {"$ref": "http://zenodo.org/objecttypes/publication"},
  "csl": "report"
},
{
  "$schema": "https://zenodo.org/schemas/records/objecttype-v1.0.0.json",
  "internal_id": "publication-milestone",
  "id": "http://zenodo.org/objecttypes/publication/milestone#",
  "title": {
    "en": "Project milestone"
  },
  "title_plural": {
    "en": "Project milestone"
  },
  "schema.org": "http://schema.org/CreativeWork",
  "datacite": {"general": "Text", "type": "Project milestone"},
  "eurepo": "info:eu-repo/semantics/report",
  "parent": {"$ref": "http://zenodo.org/objecttypes/publication"},
  "csl": "report"
},
{
  "$schema": "https://zenodo.org/schemas/records/objecttype-v1.0.0.json",
  "internal_id": "publication-other",
  "id": "http://zenodo.org/objecttypes/publication/other#",
  "title": {
    "en": "Other"
  },
  "title_plural": {
    "en": "Other"
  },
  "schema.org": "http://schema.org/CreativeWork",
  "datacite": {"general": "Text", "type": "Other"},
  "eurepo": "info:eu-repo/semantics/other",
  "parent": {"$ref": "http://zenodo.org/objecttypes/publication"},
  "csl": "article"
},
{
  "$schema": "https://zenodo.org/schemas/records/objecttype-v1.0.0.json",
  "internal_id": "image-figure",
  "id": "http://zenodo.org/objecttypes/image/figure#",
  "title": {
    "en": "Figure"
  },
  "title_plural": {
    "en": "Figures"
  },
  "schema.org": "http://schema.org/Webpage",
  "datacite": {"general": "Image", "type": "Figure"},
  "eurepo": "info:eu-repo/semantics/other",
  "parent": {"$ref": "http://zenodo.org/objecttypes/image#"},
  "csl": "figure"
},
{
  "$schema": "https://zenodo.org/schemas/records/objecttype-v1.0.0.json",
  "internal_id": "image-plot",
  "id": "http://zenodo.org/objecttypes/image/plot#",
  "title": {
    "en": "Plot"
  },
  "title_plural": {
    "en": "Plots"
  },
  "schema.org": "http://schema.org/Webpage",
  "datacite": {"general": "Image", "type": "Plot"},
  "eurepo": "info:eu-repo/semantics/other",
  "parent": {"$ref": "http://zenodo.org/objecttypes/image"},
  "csl": "figure"
},
{
  "$schema": "https://zenodo.org/schemas/records/objecttype-v1.0.0.json",
  "internal_id": "image-drawing",
  "id": "http://zenodo.org/objecttypes/image/drawing#",
  "title": {
    "en": "Drawing"
  },
  "title_plural": {
    "en": "Drawings"
  },
  "schema.org": "http://schema.org/Webpage",
  "datacite": {"general": "Image", "type": "Drawing"},
  "eurepo": "info:eu-repo/semantics/other",
  "parent": {"$ref": "http://zenodo.org/objecttypes/image"},
  "csl": "graphic"
},
{
  "$schema": "https://zenodo.org/schemas/records/objecttype-v1.0.0.json",
  "internal_id": "image-diagram",
  "id": "http://zenodo.org/objecttypes/image/diagram#",
  "title": {
    "en": "Diagram"
  },
  "title_plural": {
    "en": "Diagrams"
  },
  "schema.org": "http://schema.org/Webpage",
  "datacite": {"general": "Image", "type": "Diagram"},
  "eurepo": "info:eu-repo/semantics/other",
  "parent": {"$ref": "http://zenodo.org/objecttypes/image"},
  "csl": "figure"
},
{
  "$schema": "https://zenodo.org/schemas/records/objecttype-v1.0.0.json",
  "internal_id": "image-photo",
  "id": "http://zenodo.org/objecttypes/image/photo#",
  "title": {
    "en": "Photo"
  },
  "title_plural": {
    "en": "Photos"
  },
  "schema.org": "http://schema.org/Webpage",
  "datacite": {"general": "Image", "type": "Photo"},
  "eurepo": "info:eu-repo/semantics/other",
  "parent": {"$ref": "http://zenodo.org/objecttypes/image"},
  "csl": "graphic"
},
{
  "$schema": "https://zenodo.org/schemas/records/objecttype-v1.0.0.json",
  "internal_id": "image-other",
  "id": "http://zenodo.org/objecttypes/image/other#",
  "title": {
    "en": "Other"
  },
  "title_plural": {
    "en": "Other"
  },
  "schema.org": "http://schema.org/Webpage",
  "datacite": {"general": "Image", "type": "Other"},
  "eurepo": "info:eu-repo/semantics/other",
  "parent": {"$ref": "http://zenodo.org/objecttypes/image"},
  "csl": "graphic"
}]
