{
  "mappings": {
    "records-files-v1.0.0": {
      "properties": {
        "_files": {
          "properties": {
            "key": {
              "type": "string"
            },
            "bucket": {
              "type": "string"
            },
            "checksum": {
              "type": "string"
            },
            "size": {
              "type": "integer"
            },
            "version_id": {
              "type": "string"
            }
          }
        }
      }
    }
  }
}
