{
  "bsd-3-clause": "BSD-3-Clause",
  "bsd-2-clause": "BSD-2-Clause",
  "afl-3.0": "AFL-3.0",
  "apl1.0": "APL-1.0",
  "agpl-v3": "AGPL-3.0",
  "against-drm": "Against-DRM",
  "apache2.0": "Apache-2.0",
  "apache": "Apache-2.0",
  "apsl-2.0": "APSL-2.0",
  "artistic-license-2.0": "Artistic-2.0",
  "attribution": "AAL",
  "bsl1.0": "BSL-1.0",
  "cuaoffice": "CUA-OPL-1.0",
  "cddl1": "CDDL-1.0",
  "cpal_1.0": "CPAL-1.0",
  "ca-tosl1.1": "CATOSL-1.1",
  "cc-by-sa": "CC-BY-SA-4.0",
  "cc-by": "CC-BY-4.0",
  "cc-zero": "CC0-1.0",
  "dsl": "DSL",
  "eudatagrid": "EUDatagrid",
  "eclipse-1.0": "EPL-1.0",
  "ecl2": "ECL-2.0",
  "ver2_eiffel": "EFL-2.0",
  "eiffel": "EFL-2.0",
  "entessa": "Entessa",
  "eupl-1.1": "EUPL-1.1",
  "fair": "Fair",
  "frameworx": "Frameworx-1.0",
  "fal": "FAL-1.3",
  "gfdl": "GFDL-1.3-no-cover-texts-no-invariant-sections",
  "gpl-2.0": "GPL-2.0",
  "gpl-3.0": "GPL-3.0",
  "lgpl-2.1": "LGPL-2.1",
  "lgpl-3.0": "LGPL-3.0",
  "geogratis": "geogratis",
  "hesa-withrights": "hesa-withrights",
  "ibmpl": "IPL-1.0",
  "ipafont": "IPA",
  "isc-license": "ISC",
  "intel-osl": "Intel",
  "notspecified": "notspecified",
  "localauth-withrights": "localauth-withrights",
  "lucent1.02": "LPL-1.02",
  "mit-license": "MIT",
  "mitre": "mitre",
  "met-office-cp": "met-office-cp",
  "ms-pl": "MS-PL",
  "ms-rl": "MS-RL",
  "miros": "MirOS",
  "motosoto": "Motosoto",
  "mozilla": "MPL-1.0",
  "mozilla1.1": "MPL-1.1",
  "multics": "Multics",
  "nasa1.3": "NASA-1.3",
  "ntp-license": "NTP",
  "naumen": "Naumen",
  "nethack": "NGPL",
  "nokia": "Nokia",
  "nosl3.0": "NPOSL-3.0",
  "oclc2": "OCLC-2.0",
  "odc-by": "ODC-BY-1.0",
  "odc-odbl": "ODbL-1.0",
  "odc-pddl": "ODC-PDDL-1.0",
  "openfont": "OFL-1.1",
  "opengroup": "OGTSL",
  "osl-3.0": "OSL-3.0",
  "other-at": "other-at",
  "other-nc": "other-nc",
  "other-closed": "other-closed",
  "other-open": "other-open",
  "other-pd": "other-pd",
  "php": "PHP-3.0",
  "pythonsoftfoundation": "Python-2.0",
  "pythonpl": "CNRI-Python",
  "qtpl": "QPL-1.0",
  "real": "RPSL-1.0",
  "rpl1.5": "RPL-1.5",
  "ricohpl": "RSCPL",
  "simpl-2.0": "SimPL-2.0",
  "sleepycat": "Sleepycat",
  "dli-model-use": "dli-model-use",
  "sun-issl": "SISSL",
  "sunpublic": "SPL-1.0",
  "sybase": "Watcom-1.0",
  "tcl": "Talis",
  "postgresql": "PostgreSQL",
  "ukclickusepsi": "ukclickusepsi",
  "ukcrown-withrights": "ukcrown-withrights",
  "ukcrown": "ukcrown",
  "uk-ogl": "OGL-UK-1.0",
  "ukpsi": "ukpsi",
  "uoi-ncsa": "NCSA",
  "vovidapl": "VSL-1.0",
  "w3c": "W3C",
  "xnet": "Xnet",
  "zpl": "ZPL-2.0",
  "wxwindows": "WXwindows",
  "zlib-license": "Zlib",
  "cc-by-nc-4.0": "CC-BY-NC-4.0"
}