[
  {
    "domain_content": false,
    "domain_software": true,
    "maintainer": "",
    "id": "bsd-3-clause",
    "family": "",
    "url": "http://www.opensource.org/licenses/BSD-3-Clause",
    "status": "active",
    "domain_data": false,
    "osd_conformance": "approved",
    "od_conformance": "not reviewed",
    "title": "BSD 3-Clause \"New\" or \"Revised\" License (BSD-3-Clause)"
  },
  {
    "domain_content": false,
    "domain_software": true,
    "maintainer": "",
    "id": "bsd-2-clause",
    "family": "",
    "url": "http://www.opensource.org/licenses/BSD-2-Clause",
    "status": "active",
    "domain_data": false,
    "osd_conformance": "approved",
    "od_conformance": "not reviewed",
    "title": "BSD 2-Clause \"Simplified\" or \"FreeBSD\" License (BSD-2-Clause)"
  },
  {
    "family": "",
    "domain_software": true,
    "is_osi_compliant": true,
    "maintainer": "",
    "url": "http://www.opensource.org/licenses/afl-3.0.php",
    "domain_data": false,
    "domain_content": false,
    "id": "afl-3.0",
    "status": "active",
    "title": "Academic Free License 3.0 (AFL 3.0)",
    "is_okd_compliant": false
  },
  {
    "family": "",
    "domain_software": true,
    "is_osi_compliant": true,
    "maintainer": "",
    "url": "http://www.opensource.org/licenses/apl1.0.php",
    "domain_data": false,
    "domain_content": false,
    "id": "apl1.0",
    "status": "active",
    "title": "Adaptive Public License",
    "is_okd_compliant": false
  },
  {
    "family": "",
    "domain_software": true,
    "is_osi_compliant": true,
    "maintainer": "",
    "url": "http://www.opensource.org/licenses/agpl-v3.html",
    "domain_data": false,
    "domain_content": false,
    "id": "agpl-v3",
    "status": "active",
    "title": "Affero GNU Public License",
    "is_okd_compliant": false
  },
  {
    "family": "",
    "domain_software": false,
    "is_osi_compliant": false,
    "maintainer": "",
    "url": "http://www.opendefinition.org/licenses/against-drm",
    "domain_data": false,
    "domain_content": true,
    "id": "against-drm",
    "status": "active",
    "title": "Against DRM",
    "is_okd_compliant": true
  },
  {
    "family": "",
    "domain_software": true,
    "is_osi_compliant": true,
    "maintainer": "",
    "url": "http://www.opensource.org/licenses/apache2.0.php",
    "domain_data": false,
    "domain_content": false,
    "id": "apache2.0",
    "status": "active",
    "title": "Apache License, 2.0",
    "is_okd_compliant": false
  },
  {
    "family": "",
    "domain_software": true,
    "is_osi_compliant": true,
    "maintainer": "",
    "url": "",
    "domain_data": false,
    "domain_content": false,
    "id": "apache",
    "status": "active",
    "title": "Apache Software License",
    "is_okd_compliant": false
  },
  {
    "family": "",
    "domain_software": true,
    "is_osi_compliant": true,
    "maintainer": "",
    "url": "http://www.opensource.org/licenses/apsl-2.0.php",
    "domain_data": false,
    "domain_content": false,
    "id": "apsl-2.0",
    "status": "active",
    "title": "Apple Public Source License",
    "is_okd_compliant": false
  },
  {
    "family": "",
    "domain_software": true,
    "is_osi_compliant": true,
    "maintainer": "",
    "url": "http://www.opensource.org/licenses/artistic-license-2.0.php",
    "domain_data": false,
    "domain_content": false,
    "id": "artistic-license-2.0",
    "status": "active",
    "title": "Artistic license 2.0",
    "is_okd_compliant": false
  },
  {
    "family": "",
    "domain_software": true,
    "is_osi_compliant": true,
    "maintainer": "",
    "url": "http://www.opensource.org/licenses/attribution.php",
    "domain_data": false,
    "domain_content": false,
    "id": "attribution",
    "status": "active",
    "title": "Attribution Assurance Licenses",
    "is_okd_compliant": false
  },
  {
    "family": "",
    "domain_software": true,
    "is_osi_compliant": true,
    "maintainer": "",
    "url": "http://www.opensource.org/licenses/bsd-license.php",
    "domain_data": false,
    "domain_content": false,
    "id": "bsd-license",
    "status": "active",
    "title": "BSD licenses (New and Simplified)",
    "is_okd_compliant": false
  },
  {
    "family": "",
    "domain_software": true,
    "is_osi_compliant": true,
    "maintainer": "",
    "url": "http://www.opensource.org/licenses/bsl1.0.html",
    "domain_data": false,
    "domain_content": false,
    "id": "bsl1.0",
    "status": "active",
    "title": "Boost Software License (BSL1.0)",
    "is_okd_compliant": false
  },
  {
    "family": "",
    "domain_software": true,
    "is_osi_compliant": true,
    "maintainer": "",
    "url": "http://www.opensource.org/licenses/cuaoffice.php",
    "domain_data": false,
    "domain_content": false,
    "id": "cuaoffice",
    "status": "active",
    "title": "CUA Office Public License Version 1.0",
    "is_okd_compliant": false
  },
  {
    "family": "",
    "domain_software": false,
    "is_osi_compliant": false,
    "maintainer": "",
    "url": "",
    "domain_data": false,
    "domain_content": false,
    "id": "canada-crown",
    "status": "active",
    "title": "Canadian Crown Copyright",
    "is_okd_compliant": false
  },
  {
    "family": "",
    "domain_software": true,
    "is_osi_compliant": true,
    "maintainer": "",
    "url": "http://www.opensource.org/licenses/cddl1.php",
    "domain_data": false,
    "domain_content": false,
    "id": "cddl1",
    "status": "active",
    "title": "Common Development and Distribution License",
    "is_okd_compliant": false
  },
  {
    "family": "",
    "domain_software": true,
    "is_osi_compliant": true,
    "maintainer": "",
    "url": "http://www.opensource.org/licenses/cpal_1.0",
    "domain_data": false,
    "domain_content": false,
    "id": "cpal_1.0",
    "status": "active",
    "title": "Common Public Attribution License 1.0 (CPAL)",
    "is_okd_compliant": false
  },
  {
    "family": "",
    "domain_software": true,
    "is_osi_compliant": true,
    "maintainer": "",
    "url": "http://www.opensource.org/licenses/ca-tosl1.1.php",
    "domain_data": false,
    "domain_content": false,
    "id": "ca-tosl1.1",
    "status": "active",
    "title": "Computer Associates Trusted Open Source License 1.1",
    "is_okd_compliant": false
  },
  {
    "family": "",
    "domain_software": false,
    "is_osi_compliant": false,
    "maintainer": "",
    "url": "http://www.opendefinition.org/licenses/cc-by-sa",
    "domain_data": false,
    "domain_content": true,
    "id": "cc-by-sa",
    "status": "active",
    "title": "Creative Commons Attribution Share-Alike",
    "is_okd_compliant": true
  },
  {
    "family": "",
    "domain_software": false,
    "is_osi_compliant": false,
    "maintainer": "",
    "url": "http://www.opendefinition.org/licenses/cc-by",
    "domain_data": false,
    "domain_content": true,
    "id": "cc-by",
    "status": "active",
    "title": "Creative Commons Attribution",
    "is_okd_compliant": true
  },
  {
    "family": "",
    "domain_software": true,
    "is_osi_compliant": false,
    "maintainer": "",
    "url": "http://www.opendefinition.org/licenses/cc-zero",
    "domain_data": true,
    "domain_content": true,
    "id": "cc-zero",
    "status": "active",
    "title": "Creative Commons CCZero",
    "is_okd_compliant": true
  },
  {
    "family": "",
    "domain_software": false,
    "is_osi_compliant": false,
    "maintainer": "",
    "url": "http://creativecommons.org/licenses/by-nc/2.0/",
    "domain_data": false,
    "domain_content": false,
    "id": "cc-nc",
    "status": "active",
    "title": "Creative Commons Non-Commercial (Any)",
    "is_okd_compliant": false
  },
  {
    "family": "",
    "domain_software": false,
    "is_osi_compliant": false,
    "maintainer": "",
    "url": "http://www.opendefinition.org/licenses/dsl",
    "domain_data": false,
    "domain_content": true,
    "id": "dsl",
    "status": "active",
    "title": "Design Science License",
    "is_okd_compliant": true
  },
  {
    "family": "",
    "domain_software": true,
    "is_osi_compliant": true,
    "maintainer": "",
    "url": "http://www.opensource.org/licenses/eudatagrid.php",
    "domain_data": false,
    "domain_content": false,
    "id": "eudatagrid",
    "status": "active",
    "title": "EU DataGrid Software License",
    "is_okd_compliant": false
  },
  {
    "family": "",
    "domain_software": true,
    "is_osi_compliant": true,
    "maintainer": "",
    "url": "http://www.opensource.org/licenses/eclipse-1.0.php",
    "domain_data": false,
    "domain_content": false,
    "id": "eclipse-1.0",
    "status": "active",
    "title": "Eclipse Public License",
    "is_okd_compliant": false
  },
  {
    "family": "",
    "domain_software": true,
    "is_osi_compliant": true,
    "maintainer": "",
    "url": "http://www.opensource.org/licenses/ecl2.php",
    "domain_data": false,
    "domain_content": false,
    "id": "ecl2",
    "status": "active",
    "title": "Educational Community License, Version 2.0",
    "is_okd_compliant": false
  },
  {
    "family": "",
    "domain_software": true,
    "is_osi_compliant": true,
    "maintainer": "",
    "url": "http://www.opensource.org/licenses/ver2_eiffel.php",
    "domain_data": false,
    "domain_content": false,
    "id": "ver2_eiffel",
    "status": "active",
    "title": "Eiffel Forum License V2.0",
    "is_okd_compliant": false
  },
  {
    "family": "",
    "domain_software": true,
    "is_osi_compliant": true,
    "maintainer": "",
    "url": "",
    "domain_data": false,
    "domain_content": false,
    "id": "eiffel",
    "status": "active",
    "title": "Eiffel Forum License",
    "is_okd_compliant": false
  },
  {
    "family": "",
    "domain_software": true,
    "is_osi_compliant": true,
    "maintainer": "",
    "url": "http://www.opensource.org/licenses/entessa.php",
    "domain_data": false,
    "domain_content": false,
    "id": "entessa",
    "status": "active",
    "title": "Entessa Public License",
    "is_okd_compliant": false
  },
  {
    "family": "",
    "domain_software": false,
    "is_osi_compliant": false,
    "maintainer": "",
    "url": " http://www.eurofound.europa.eu/legal-and-data-protection-notices ",
    "domain_data": false,
    "domain_content": true,
    "id": "eurofound",
    "status": "active",
    "title": "Eurofound license",
    "is_okd_compliant": false
  },
  {
    "family": "",
    "domain_software": true,
    "is_osi_compliant": true,
    "maintainer": "",
    "url": "http://opensource.org/licenses/EUPL-1.1",
    "domain_data": false,
    "domain_content": false,
    "id": "eupl-1.1",
    "status": "active",
    "title": "European Union Public License, Version 1.1 (EUPL-1.1)",
    "is_okd_compliant": false
  },
  {
    "family": "",
    "domain_software": true,
    "is_osi_compliant": true,
    "maintainer": "",
    "url": "http://www.opensource.org/licenses/fair.php",
    "domain_data": false,
    "domain_content": false,
    "id": "fair",
    "status": "active",
    "title": "Fair License",
    "is_okd_compliant": false
  },
  {
    "family": "",
    "domain_software": true,
    "is_osi_compliant": true,
    "maintainer": "",
    "url": "http://www.opensource.org/licenses/frameworx.php",
    "domain_data": false,
    "domain_content": false,
    "id": "frameworx",
    "status": "active",
    "title": "Frameworx License",
    "is_okd_compliant": false
  },
  {
    "family": "",
    "domain_software": false,
    "is_osi_compliant": false,
    "maintainer": "",
    "url": "http://www.opendefinition.org/licenses/fal",
    "domain_data": false,
    "domain_content": true,
    "id": "fal",
    "status": "active",
    "title": "Free Art License",
    "is_okd_compliant": true
  },
  {
    "family": "",
    "domain_software": false,
    "is_osi_compliant": false,
    "maintainer": "",
    "url": "http://www.opendefinition.org/licenses/gfdl",
    "domain_data": false,
    "domain_content": true,
    "id": "gfdl",
    "status": "active",
    "title": "GNU Free Documentation License",
    "is_okd_compliant": true
  },
  {
    "family": "",
    "domain_software": true,
    "is_osi_compliant": true,
    "maintainer": "",
    "url": "http://www.opensource.org/licenses/gpl-2.0.php",
    "domain_data": false,
    "domain_content": false,
    "id": "gpl-2.0",
    "status": "active",
    "title": "GNU General Public License (GPL)",
    "is_okd_compliant": false
  },
  {
    "family": "",
    "domain_software": true,
    "is_osi_compliant": true,
    "maintainer": "",
    "url": "http://www.opensource.org/licenses/gpl-3.0.html",
    "domain_data": false,
    "domain_content": false,
    "id": "gpl-3.0",
    "status": "active",
    "title": "GNU General Public License version 3.0 (GPLv3)",
    "is_okd_compliant": false
  },
  {
    "family": "",
    "domain_software": true,
    "is_osi_compliant": true,
    "maintainer": "",
    "url": "http://www.opensource.org/licenses/lgpl-2.1.php",
    "domain_data": false,
    "domain_content": false,
    "id": "lgpl-2.1",
    "status": "active",
    "title": "GNU Library or \"Lesser\" General Public License (LGPL)",
    "is_okd_compliant": false
  },
  {
    "family": "",
    "domain_software": true,
    "is_osi_compliant": true,
    "maintainer": "",
    "url": "http://www.opensource.org/licenses/lgpl-3.0.html",
    "domain_data": false,
    "domain_content": false,
    "id": "lgpl-3.0",
    "status": "active",
    "title": "GNU Library or \"Lesser\" General Public License version 3.0 (LGPLv3)",
    "is_okd_compliant": false
  },
  {
    "family": "",
    "domain_software": false,
    "is_osi_compliant": false,
    "maintainer": "",
    "url": "http://geogratis.cgdi.gc.ca/geogratis/en/licence.jsp",
    "domain_data": false,
    "domain_content": false,
    "id": "geogratis",
    "status": "active",
    "title": "Geogratis Licence Agreement",
    "is_okd_compliant": false
  },
  {
    "family": "",
    "domain_software": false,
    "is_osi_compliant": false,
    "maintainer": "",
    "url": "",
    "domain_data": false,
    "domain_content": true,
    "id": "hesa-withrights",
    "status": "active",
    "title": "Higher Education Statistics Agency Copyright with data.gov.uk rights",
    "is_okd_compliant": true
  },
  {
    "family": "",
    "domain_software": true,
    "is_osi_compliant": true,
    "maintainer": "",
    "url": "http://www.opensource.org/licenses/ibmpl.php",
    "domain_data": false,
    "domain_content": false,
    "id": "ibmpl",
    "status": "active",
    "title": "IBM Public License",
    "is_okd_compliant": false
  },
  {
    "family": "",
    "domain_software": true,
    "is_osi_compliant": true,
    "maintainer": "",
    "url": "http://www.opensource.org/licenses/ipafont.html",
    "domain_data": false,
    "domain_content": false,
    "id": "ipafont",
    "status": "active",
    "title": "IPA Font License",
    "is_okd_compliant": false
  },
  {
    "family": "",
    "domain_software": true,
    "is_osi_compliant": true,
    "maintainer": "",
    "url": "http://www.opensource.org/licenses/isc-license.txt",
    "domain_data": false,
    "domain_content": false,
    "id": "isc-license",
    "status": "active",
    "title": "ISC License",
    "is_okd_compliant": false
  },
  {
    "family": "",
    "domain_software": true,
    "is_osi_compliant": true,
    "maintainer": "",
    "url": "",
    "domain_data": false,
    "domain_content": false,
    "id": "intel-osl",
    "status": "active",
    "title": "Intel Open Source License",
    "is_okd_compliant": false
  },
  {
    "family": "",
    "domain_software": true,
    "is_osi_compliant": false,
    "maintainer": "",
    "url": "http://www.physiome.org/jsim/download/license.html",
    "domain_data": false,
    "domain_content": false,
    "id": "user-jsim",
    "status": "active",
    "title": "JSIM Software License",
    "is_okd_compliant": false
  },
  {
    "family": "",
    "domain_software": true,
    "is_osi_compliant": true,
    "maintainer": "",
    "url": "",
    "domain_data": false,
    "domain_content": false,
    "id": "jabber-osl",
    "status": "active",
    "title": "Jabber Open Source License",
    "is_okd_compliant": false
  },
  {
    "family": "",
    "domain_software": false,
    "title": "License Not Specified",
    "url": "",
    "is_okd_compliant": false,
    "is_generic": true,
    "domain_content": false,
    "is_osi_compliant": false,
    "id": "notspecified",
    "domain_data": false,
    "status": "active",
    "maintainer": ""
  },
  {
    "family": "",
    "domain_software": false,
    "is_osi_compliant": false,
    "maintainer": "",
    "url": "",
    "domain_data": false,
    "domain_content": true,
    "id": "localauth-withrights",
    "status": "active",
    "title": "Local Authority Copyright with data.gov.uk rights",
    "is_okd_compliant": true
  },
  {
    "family": "",
    "domain_software": true,
    "is_osi_compliant": true,
    "maintainer": "",
    "url": "",
    "domain_data": false,
    "domain_content": false,
    "id": "lucent-plan9",
    "status": "active",
    "title": "Lucent Public License (Plan9)",
    "is_okd_compliant": false
  },
  {
    "family": "",
    "domain_software": true,
    "is_osi_compliant": true,
    "maintainer": "",
    "url": "http://www.opensource.org/licenses/lucent1.02.php",
    "domain_data": false,
    "domain_content": false,
    "id": "lucent1.02",
    "status": "active",
    "title": "Lucent Public License Version 1.02",
    "is_okd_compliant": false
  },
  {
    "family": "",
    "domain_software": true,
    "is_osi_compliant": true,
    "maintainer": "",
    "url": "http://www.opensource.org/licenses/mit-license.php",
    "domain_data": false,
    "domain_content": false,
    "id": "mit-license",
    "status": "active",
    "title": "MIT license",
    "is_okd_compliant": false
  },
  {
    "family": "",
    "domain_software": true,
    "is_osi_compliant": true,
    "maintainer": "",
    "url": "",
    "domain_data": false,
    "domain_content": false,
    "id": "mitre",
    "status": "active",
    "title": "MITRE Collaborative Virtual Workspace License (CVW License)",
    "is_okd_compliant": false
  },
  {
    "family": "",
    "domain_software": false,
    "is_osi_compliant": false,
    "maintainer": "",
    "url": "http://www.metoffice.gov.uk/climatechange/science/monitoring/ukcp09/UKCIP08_license_agreement_130709.pdf",
    "domain_data": false,
    "domain_content": false,
    "id": "met-office-cp",
    "status": "active",
    "title": "Met Office UK Climate Projections Licence Agreement",
    "is_okd_compliant": false
  },
  {
    "family": "",
    "domain_software": true,
    "is_osi_compliant": true,
    "maintainer": "",
    "url": "http://www.opensource.org/licenses/ms-pl.html",
    "domain_data": false,
    "domain_content": false,
    "id": "ms-pl",
    "status": "active",
    "title": "Microsoft Public License (Ms-PL)",
    "is_okd_compliant": false
  },
  {
    "family": "",
    "domain_software": true,
    "is_osi_compliant": true,
    "maintainer": "",
    "url": "http://www.opensource.org/licenses/ms-rl.html",
    "domain_data": false,
    "domain_content": false,
    "id": "ms-rl",
    "status": "active",
    "title": "Microsoft Reciprocal License (Ms-RL)",
    "is_okd_compliant": false
  },
  {
    "family": "",
    "domain_software": true,
    "is_osi_compliant": true,
    "maintainer": "",
    "url": "http://www.opensource.org/licenses/miros.html",
    "domain_data": false,
    "domain_content": true,
    "id": "miros",
    "status": "active",
    "title": "MirOS Licence",
    "is_okd_compliant": true
  },
  {
    "family": "",
    "domain_software": true,
    "is_osi_compliant": true,
    "maintainer": "",
    "url": "http://www.opensource.org/licenses/motosoto.php",
    "domain_data": false,
    "domain_content": false,
    "id": "motosoto",
    "status": "active",
    "title": "Motosoto License",
    "is_okd_compliant": false
  },
  {
    "family": "",
    "domain_software": true,
    "is_osi_compliant": true,
    "maintainer": "",
    "url": "",
    "domain_data": false,
    "domain_content": false,
    "id": "mozilla",
    "status": "active",
    "title": "Mozilla Public License 1.0 (MPL)",
    "is_okd_compliant": false
  },
  {
    "family": "",
    "domain_software": true,
    "is_osi_compliant": true,
    "maintainer": "",
    "url": "http://www.opensource.org/licenses/mozilla1.1.php",
    "domain_data": false,
    "domain_content": false,
    "id": "mozilla1.1",
    "status": "active",
    "title": "Mozilla Public License 1.1 (MPL)",
    "is_okd_compliant": false
  },
  {
    "family": "",
    "domain_software": true,
    "is_osi_compliant": true,
    "maintainer": "",
    "url": "http://www.opensource.org/licenses/multics.txt",
    "domain_data": false,
    "domain_content": false,
    "id": "multics",
    "status": "active",
    "title": "Multics License",
    "is_okd_compliant": false
  },
  {
    "family": "",
    "domain_software": true,
    "is_osi_compliant": true,
    "maintainer": "",
    "url": "http://www.opensource.org/licenses/nasa1.3.php",
    "domain_data": false,
    "domain_content": false,
    "id": "nasa1.3",
    "status": "active",
    "title": "NASA Open Source Agreement 1.3",
    "is_okd_compliant": false
  },
  {
    "family": "",
    "domain_software": true,
    "is_osi_compliant": true,
    "maintainer": "",
    "url": "http://www.opensource.org/licenses/ntp-license.php",
    "domain_data": false,
    "domain_content": false,
    "id": "ntp-license",
    "status": "active",
    "title": "NTP License",
    "is_okd_compliant": false
  },
  {
    "family": "",
    "domain_software": true,
    "is_osi_compliant": true,
    "maintainer": "",
    "url": "http://www.opensource.org/licenses/naumen.php",
    "domain_data": false,
    "domain_content": false,
    "id": "naumen",
    "status": "active",
    "title": "Naumen Public License",
    "is_okd_compliant": false
  },
  {
    "family": "",
    "domain_software": true,
    "is_osi_compliant": true,
    "maintainer": "",
    "url": "http://www.opensource.org/licenses/nethack.php",
    "domain_data": false,
    "domain_content": false,
    "id": "nethack",
    "status": "active",
    "title": "Nethack General Public License",
    "is_okd_compliant": false
  },
  {
    "family": "",
    "domain_software": false,
    "is_osi_compliant": false,
    "maintainer": "",
    "url": "http://www4.agr.gc.ca/AAFC-AAC/display-afficher.do?id=1226945498401&lang=eng",
    "domain_data": false,
    "domain_content": false,
    "id": "geo-no-fee-unrestricted",
    "status": "active",
    "title": "No Fee Unrestricted Use License Agreement For Government Geographic Data (Canada)",
    "is_okd_compliant": false
  },
  {
    "family": "",
    "domain_software": true,
    "is_osi_compliant": true,
    "maintainer": "",
    "url": "http://www.opensource.org/licenses/nokia.php",
    "domain_data": false,
    "domain_content": false,
    "id": "nokia",
    "status": "active",
    "title": "Nokia Open Source License",
    "is_okd_compliant": false
  },
  {
    "family": "",
    "domain_software": true,
    "is_osi_compliant": true,
    "maintainer": "",
    "url": "http://www.opensource.org/licenses/NOSL3.0.html",
    "domain_data": false,
    "domain_content": false,
    "id": "nosl3.0",
    "status": "active",
    "title": "Non-Profit Open Software License 3.0 (Non-Profit OSL 3.0)",
    "is_okd_compliant": false
  },
  {
    "family": "",
    "domain_software": true,
    "is_osi_compliant": true,
    "maintainer": "",
    "url": "http://www.opensource.org/licenses/oclc2.php",
    "domain_data": false,
    "domain_content": false,
    "id": "oclc2",
    "status": "active",
    "title": "OCLC Research Public License 2.0",
    "is_okd_compliant": false
  },
  {
    "family": "",
    "domain_software": false,
    "is_osi_compliant": false,
    "maintainer": "",
    "url": "http://www.opendefinition.org/licenses/odc-by",
    "domain_data": true,
    "domain_content": false,
    "id": "odc-by",
    "status": "active",
    "title": "Open Data Commons Attribution License",
    "is_okd_compliant": true
  },
  {
    "family": "",
    "domain_software": false,
    "is_osi_compliant": false,
    "maintainer": "",
    "url": "http://www.opendefinition.org/licenses/odc-odbl",
    "domain_data": true,
    "domain_content": false,
    "id": "odc-odbl",
    "status": "active",
    "title": "Open Data Commons Open Database License (ODbL)",
    "is_okd_compliant": true
  },
  {
    "family": "",
    "domain_software": false,
    "is_osi_compliant": false,
    "maintainer": "",
    "url": "http://www.opendefinition.org/licenses/odc-pddl",
    "domain_data": true,
    "domain_content": false,
    "id": "odc-pddl",
    "status": "active",
    "title": "Open Data Commons Public Domain Dedication and Licence (PDDL)",
    "is_okd_compliant": true
  },
  {
    "family": "",
    "domain_software": true,
    "is_osi_compliant": true,
    "maintainer": "",
    "url": "http://www.opensource.org/licenses/openfont.html",
    "domain_data": false,
    "domain_content": false,
    "id": "openfont",
    "status": "active",
    "title": "Open Font License 1.1 (OFL 1.1)",
    "is_okd_compliant": false
  },
  {
    "family": "",
    "domain_software": true,
    "is_osi_compliant": true,
    "maintainer": "",
    "url": "http://www.opensource.org/licenses/opengroup.php",
    "domain_data": false,
    "domain_content": false,
    "id": "opengroup",
    "status": "active",
    "title": "Open Group Test Suite License",
    "is_okd_compliant": false
  },
  {
    "family": "",
    "domain_software": true,
    "is_osi_compliant": true,
    "maintainer": "",
    "url": "http://www.opensource.org/licenses/osl-3.0.php",
    "domain_data": false,
    "domain_content": false,
    "id": "osl-3.0",
    "status": "active",
    "title": "Open Software License 3.0 (OSL 3.0)",
    "is_okd_compliant": false
  },
  {
    "family": "",
    "domain_software": false,
    "title": "Other (Attribution)",
    "url": "",
    "is_okd_compliant": true,
    "is_generic": true,
    "domain_content": true,
    "is_osi_compliant": false,
    "id": "other-at",
    "domain_data": false,
    "status": "active",
    "maintainer": ""
  },
  {
    "family": "",
    "domain_software": false,
    "title": "Other (Non-Commercial)",
    "url": "",
    "is_okd_compliant": false,
    "is_generic": true,
    "domain_content": false,
    "is_osi_compliant": false,
    "id": "other-nc",
    "domain_data": false,
    "status": "active",
    "maintainer": ""
  },
  {
    "family": "",
    "domain_software": false,
    "title": "Other (Not Open)",
    "url": "",
    "is_okd_compliant": false,
    "is_generic": true,
    "domain_content": false,
    "is_osi_compliant": false,
    "id": "other-closed",
    "domain_data": false,
    "status": "active",
    "maintainer": ""
  },
  {
    "family": "",
    "domain_software": false,
    "title": "Other (Open)",
    "url": "",
    "is_okd_compliant": true,
    "is_generic": true,
    "domain_content": true,
    "is_osi_compliant": false,
    "id": "other-open",
    "domain_data": false,
    "status": "active",
    "maintainer": ""
  },
  {
    "family": "",
    "domain_software": false,
    "title": "Other (Public Domain)",
    "url": "",
    "is_okd_compliant": true,
    "is_generic": true,
    "domain_content": true,
    "is_osi_compliant": false,
    "id": "other-pd",
    "domain_data": false,
    "status": "active",
    "maintainer": ""
  },
  {
    "family": "",
    "domain_software": true,
    "is_osi_compliant": true,
    "maintainer": "",
    "url": "http://www.opensource.org/licenses/php.php",
    "domain_data": false,
    "domain_content": false,
    "id": "php",
    "status": "active",
    "title": "PHP License",
    "is_okd_compliant": false
  },
  {
    "family": "",
    "domain_software": true,
    "is_osi_compliant": true,
    "maintainer": "",
    "url": "http://www.opensource.org/licenses/PythonSoftFoundation.php",
    "domain_data": false,
    "domain_content": false,
    "id": "pythonsoftfoundation",
    "status": "active",
    "title": "Python Software Foundation License",
    "is_okd_compliant": false
  },
  {
    "family": "",
    "domain_software": true,
    "is_osi_compliant": true,
    "maintainer": "",
    "url": "http://www.opensource.org/licenses/pythonpl.php",
    "domain_data": false,
    "domain_content": false,
    "id": "pythonpl",
    "status": "active",
    "title": "Python license",
    "is_okd_compliant": false
  },
  {
    "family": "",
    "domain_software": true,
    "is_osi_compliant": true,
    "maintainer": "",
    "url": "http://www.opensource.org/licenses/qtpl.php",
    "domain_data": false,
    "domain_content": false,
    "id": "qtpl",
    "status": "active",
    "title": "Qt Public License (QPL)",
    "is_okd_compliant": false
  },
  {
    "family": "",
    "domain_software": true,
    "is_osi_compliant": true,
    "maintainer": "",
    "url": "http://www.opensource.org/licenses/real.php",
    "domain_data": false,
    "domain_content": false,
    "id": "real",
    "status": "active",
    "title": "RealNetworks Public Source License V1.0",
    "is_okd_compliant": false
  },
  {
    "family": "",
    "domain_software": true,
    "is_osi_compliant": true,
    "maintainer": "",
    "url": "http://www.opensource.org/licenses/rpl1.5.txt",
    "domain_data": false,
    "domain_content": false,
    "id": "rpl1.5",
    "status": "active",
    "title": "Reciprocal Public License 1.5 (RPL1.5)",
    "is_okd_compliant": false
  },
  {
    "family": "",
    "domain_software": true,
    "is_osi_compliant": true,
    "maintainer": "",
    "url": "http://www.opensource.org/licenses/ricohpl.php",
    "domain_data": false,
    "domain_content": false,
    "id": "ricohpl",
    "status": "active",
    "title": "Ricoh Source Code Public License",
    "is_okd_compliant": false
  },
  {
    "family": "",
    "domain_software": true,
    "is_osi_compliant": true,
    "maintainer": "",
    "url": "http://www.opensource.org/licenses/simpl-2.0.html",
    "domain_data": false,
    "domain_content": false,
    "id": "simpl-2.0",
    "status": "active",
    "title": "Simple Public License 2.0",
    "is_okd_compliant": false
  },
  {
    "family": "",
    "domain_software": true,
    "is_osi_compliant": true,
    "maintainer": "",
    "url": "http://www.opensource.org/licenses/sleepycat.php",
    "domain_data": false,
    "domain_content": false,
    "id": "sleepycat",
    "status": "active",
    "title": "Sleepycat License",
    "is_okd_compliant": false
  },
  {
    "family": "",
    "domain_software": false,
    "is_osi_compliant": false,
    "maintainer": "",
    "url": "",
    "domain_data": false,
    "domain_content": false,
    "id": "dli-model-use",
    "status": "active",
    "title": "Statistics Canada: Data Liberation Initiative (DLI) - Model Data Use Licence",
    "is_okd_compliant": false
  },
  {
    "family": "",
    "domain_software": true,
    "is_osi_compliant": true,
    "maintainer": "",
    "url": "",
    "domain_data": false,
    "domain_content": false,
    "id": "sun-issl",
    "status": "active",
    "title": "Sun Industry Standards Source License (SISSL)",
    "is_okd_compliant": false
  },
  {
    "family": "",
    "domain_software": true,
    "is_osi_compliant": true,
    "maintainer": "",
    "url": "http://www.opensource.org/licenses/sunpublic.php",
    "domain_data": false,
    "domain_content": false,
    "id": "sunpublic",
    "status": "active",
    "title": "Sun Public License",
    "is_okd_compliant": false
  },
  {
    "family": "",
    "domain_software": true,
    "is_osi_compliant": true,
    "maintainer": "",
    "url": "http://www.opensource.org/licenses/sybase.php",
    "domain_data": false,
    "domain_content": false,
    "id": "sybase",
    "status": "active",
    "title": "Sybase Open Watcom Public License 1.0",
    "is_okd_compliant": false
  },
  {
    "family": "",
    "domain_software": false,
    "is_osi_compliant": false,
    "maintainer": "",
    "url": "http://www.opendefinition.org/licenses/tcl",
    "domain_data": false,
    "domain_content": true,
    "id": "tcl",
    "status": "active",
    "title": "Talis Community License",
    "is_okd_compliant": true
  },
  {
    "family": "",
    "domain_software": true,
    "is_osi_compliant": true,
    "maintainer": "",
    "url": "http://www.opensource.org/licenses/postgresql",
    "domain_data": false,
    "domain_content": false,
    "id": "postgresql",
    "status": "active",
    "title": "The PostgreSQL License",
    "is_okd_compliant": false
  },
  {
    "family": "",
    "domain_software": false,
    "is_osi_compliant": false,
    "maintainer": "",
    "url": "",
    "domain_data": false,
    "domain_content": true,
    "id": "ukclickusepsi",
    "status": "active",
    "title": "UK Click Use PSI",
    "is_okd_compliant": true
  },
  {
    "family": "",
    "domain_software": false,
    "is_osi_compliant": false,
    "maintainer": "",
    "url": "",
    "domain_data": false,
    "domain_content": true,
    "id": "ukcrown-withrights",
    "status": "active",
    "title": "UK Crown Copyright with data.gov.uk rights",
    "is_okd_compliant": true
  },
  {
    "family": "",
    "domain_software": false,
    "is_osi_compliant": false,
    "maintainer": "",
    "url": "",
    "domain_data": false,
    "domain_content": false,
    "id": "ukcrown",
    "status": "active",
    "title": "UK Crown Copyright",
    "is_okd_compliant": false
  },
  {
    "family": "",
    "domain_software": false,
    "is_osi_compliant": false,
    "maintainer": "",
    "url": "http://reference.data.gov.uk/id/open-government-licence",
    "domain_data": true,
    "domain_content": true,
    "id": "uk-ogl",
    "status": "active",
    "title": "UK Open Government Licence (OGL)",
    "is_okd_compliant": false
  },
  {
    "family": "",
    "domain_software": false,
    "is_osi_compliant": false,
    "maintainer": "",
    "url": "http://www.opendefinition.org/licenses/ukpsi",
    "domain_data": false,
    "domain_content": true,
    "id": "ukpsi",
    "status": "active",
    "title": "UK PSI Public Sector Information",
    "is_okd_compliant": true
  },
  {
    "family": "",
    "domain_software": true,
    "is_osi_compliant": true,
    "maintainer": "",
    "url": "http://www.opensource.org/licenses/UoI-NCSA.php",
    "domain_data": false,
    "domain_content": false,
    "id": "uoi-ncsa",
    "status": "active",
    "title": "University of Illinois/NCSA Open Source License",
    "is_okd_compliant": false
  },
  {
    "family": "",
    "domain_software": true,
    "is_osi_compliant": true,
    "maintainer": "",
    "url": "http://www.opensource.org/licenses/vovidapl.php",
    "domain_data": false,
    "domain_content": false,
    "id": "vovidapl",
    "status": "active",
    "title": "Vovida Software License v. 1.0",
    "is_okd_compliant": false
  },
  {
    "family": "",
    "domain_software": true,
    "is_osi_compliant": true,
    "maintainer": "",
    "url": "http://www.opensource.org/licenses/W3C.php",
    "domain_data": false,
    "domain_content": false,
    "id": "w3c",
    "status": "active",
    "title": "W3C License",
    "is_okd_compliant": false
  },
  {
    "family": "",
    "domain_software": true,
    "is_osi_compliant": true,
    "maintainer": "",
    "url": "http://www.opensource.org/licenses/xnet.php",
    "domain_data": false,
    "domain_content": false,
    "id": "xnet",
    "status": "active",
    "title": "X.Net License",
    "is_okd_compliant": false
  },
  {
    "family": "",
    "domain_software": true,
    "is_osi_compliant": true,
    "maintainer": "",
    "url": "http://www.opensource.org/licenses/zpl.php",
    "domain_data": false,
    "domain_content": false,
    "id": "zpl",
    "status": "active",
    "title": "Zope Public License",
    "is_okd_compliant": false
  },
  {
    "family": "",
    "domain_software": true,
    "is_osi_compliant": true,
    "maintainer": "",
    "url": "http://www.opensource.org/licenses/wxwindows.php",
    "domain_data": false,
    "domain_content": false,
    "id": "wxwindows",
    "status": "active",
    "title": "wxWindows Library License",
    "is_okd_compliant": false
  },
  {
    "family": "",
    "domain_software": true,
    "is_osi_compliant": true,
    "maintainer": "",
    "url": "http://www.opensource.org/licenses/zlib-license.php",
    "domain_data": false,
    "domain_content": false,
    "id": "zlib-license",
    "status": "active",
    "title": "zlib/libpng license",
    "is_okd_compliant": false
  },
  {
    "family": "Creative Commons",
    "domain_software": false,
    "is_osi_compliant": false,
    "maintainer": "Creative Commons",
    "url": "https://creativecommons.org/licenses/by-nd/4.0/",
    "domain_data": true,
    "domain_content": true,
    "id": "cc-by-nd-4.0",
    "status": "active",
    "title": "Creative Commons Attribution-NoDerivatives",
    "is_okd_compliant": false
  },
  {
    "family": "Creative Commons",
    "domain_software": false,
    "is_osi_compliant": false,
    "maintainer": "Creative Commons",
    "url": "https://creativecommons.org/licenses/by-nc/4.0/",
    "domain_data": true,
    "domain_content": true,
    "id": "cc-by-nc-4.0",
    "status": "active",
    "title": "Creative Commons Attribution-NonCommercial",
    "is_okd_compliant": false
  },
  {
    "family": "Creative Commons",
    "domain_software": false,
    "is_osi_compliant": false,
    "maintainer": "Creative Commons",
    "url": "https://creativecommons.org/licenses/by-nc-nd/4.0/",
    "domain_data": true,
    "domain_content": true,
    "id": "cc-by-nc-nd-4.0",
    "status": "active",
    "title": "Creative Commons Attribution-NonCommercial-NoDerivatives",
    "is_okd_compliant": false
  },
  {
    "family": "Creative Commons",
    "domain_software": false,
    "is_osi_compliant": false,
    "maintainer": "Creative Commons",
    "url": "https://creativecommons.org/licenses/by-nc-sa/4.0/",
    "domain_data": true,
    "domain_content": true,
    "id": "cc-by-nc-sa-4.0",
    "status": "active",
    "title": "Creative Commons Attribution-NonCommercial-ShareAlike",
    "is_okd_compliant": false
  },
  {
    "family": "",
    "domain_software": false,
    "is_osi_compliant": false,
    "maintainer": "Zenodo",
    "url": "",
    "domain_data": true,
    "domain_content": true,
    "id": "zenodo-freetoread-1.0",
    "status": "active",
    "title": "Free for private use; right holder retains other rights, including distribution",
    "is_okd_compliant": false
  }
]
