[
  {
    "url": "/about",
    "title": "About Zenodo",
    "description": "Zenodo builds and operates a simple and innovative service that enables researchers, scientists, EU projects and institutions to share, preserve and showcase multidisciplinary research results.",
    "file": "pages/about.html",
    "template_name": "invenio_pages/dynamic.html"
  },
  {
    "url": "/dev",
    "title": "API Documentation",
    "description": "",
    "file": "pages/api.html",
    "template_name": "invenio_pages/dynamic.html"
  },
  {
    "url": "/support",
    "title": "Support/Feedback",
    "description": "",
    "file": "pages/support.html",
    "template_name": "invenio_pages/dynamic.html"
  },
  {
    "url": "/privacy-policy",
    "title": "Privacy policy",
    "description": "",
    "file": "pages/privacy-policy.html",
    "template_name": "invenio_pages/dynamic.html"
  },
  {
    "url": "/terms",
    "title": "Terms of use",
    "description": "",
    "file": "pages/terms.html",
    "template_name": "invenio_pages/dynamic.html"
  },
  {
    "url": "/faq",
    "title": "FAQ",
    "description": "",
    "file": "pages/faq.html",
    "template_name": "invenio_pages/dynamic.html"
  },
  {
    "url": "/policies",
    "title": "Policies",
    "description": "",
    "file": "pages/policies.html",
    "template_name": "invenio_pages/dynamic.html"
  },
  {
    "url": "/contact",
    "title": "Contact",
    "description": "",
    "file": "pages/contact.html",
    "template_name": "invenio_pages/dynamic.html"
  },
  {
    "url": "/features",
    "title": "Features",
    "description": "",
    "file": "pages/features.html",
    "template_name": "zenodo_theme/full_page.html"
  },
  {
    "url": "/whatsnew",
    "title": "What's New",
    "description": "",
    "file": "pages/whatsnew.html",
    "template_name": "zenodo_theme/full_page.html"
  }
]
